Track name,Artist name,Album,Playlist name
"No Goodbye","Beres Hammond","A Moment In Time","ltrr"
"I Feel Good","Beres Hammond","A Moment In Time","ltrr"
"Rock Away","Beres Hammond","Can't Stop a Man","ltrr"
"Can You Play Some More (Pull It Up)","Beres Hammond & Buju Banton","Can't Stop a Man","ltrr"
"Who Knows","Protoje & Chronixx","Ancient Future","ltrr"
"Like Royalty (feat. Popcaan)","Protoje","In Search Of Lost Time","ltrr"
"Protection (feat. Mortimer)","Protoje","Ancient Future","ltrr"
"Family (feat. Jesse Royal)","Protoje","Third Time's The Charm","ltrr"
"Skankin' Sweet","Chronixx","Chronology","ltrr"
"They Gonna Talk","Beres Hammond","Music Is Life","ltrr"
"In Bloom (feat. Lila Iké)","Protoje","In Search Of Lost Time","ltrr"
"Somewhere Wonderful","Ras-I","Kingman","ltrr"
"Lightning","Mortimer","Lightning - Single","ltrr"
"Likes","Chronixx","Chronology","ltrr"
"They Dont Know","Chronixx","They Dont Know - Single","ltrr"
"Majesty","Chronixx","Chronology","ltrr"
"COOL AS THE BREEZE/FRIDAY","Chronixx","COOL AS THE BREEZE/FRIDAY","ltrr"
"Slow Down","Skip Marley & H.E.R.","Higher Place (Anniversary Edition)","ltrr"
"Destiny","Buju Banton","Inna Heights","ltrr"